Type,Name,Description,Purchase Price,Vendor,Image Name,Image Link
Inventory Item,2001,MIDDLE BUCKET SEAT - DS - DUAL ARM RESTS WITH HARD SKIRT COLOR: BLACK (AUSTIN OPTIM) W/ PEWTER (ABERDEEN OPTIM) PIPING W/ BLACK PERF INSERTS,"1,095.00","2560 Premier Products, Inc.",2001-black-pewter.jpg,https://3461249.app.netsuite.com/core/media/media.nl?id=883564&c=3461249&h=39RnlgsC-TxyshEs-u_sDv2nQ7XPtsXkFIYYILOZ1GhkuxQF
Inventory Item,2001-NA,MIDDLE BUCKET SEAT - DS - NO ARM RESTS WITH HARD SKIRT COLOR: BLACK SOLID W/ PEWTER PIPING W/ BLACK PERF INSERTS,"1,035.00","2560 Premier Products, Inc.",2001-black-pewter.jpg,https://3461249.app.netsuite.com/core/media/media.nl?id=883564&c=3461249&h=39RnlgsC-TxyshEs-u_sDv2nQ7XPtsXkFIYYILOZ1GhkuxQF
Inventory Item,2001-SHP,MIDDLE BUCKET SEAT - DS - DUAL ARM RESTS WITH HARD SKIRT COLOR: BLACK (AUSTIN OPTIM) W/ PEWTER (ABERDEEN OPTIM) PIPING W/ BLACK PERF INSERTS,"1,095.00","2560 Premier Products, Inc.",2001-black-pewter.jpg,https://3461249.app.netsuite.com/core/media/media.nl?id=883564&c=3461249&h=39RnlgsC-TxyshEs-u_sDv2nQ7XPtsXkFIYYILOZ1GhkuxQF
Inventory Item,2002,MIDDLE BUCKET SEAT - DS - DUAL ARM RESTS WITH HARD SKIRT COLOR: QUICKSILVER (AUSTIN MEDIUM GRAPHITE) W/ MEDIUM ALABASTER (ABERDEEN) PIPING W/ QUICKSILVER PERF INSERTS,"1,095.00","2560 Premier Products, Inc.",2002-quicksilver-mediumAlabaster.jpg,https://3461249.app.netsuite.com/core/media/media.nl?id=883563&c=3461249&h=aBv-8pfwXCcZNjIiXucfZOgTXq2LFpu41z9ViOZbh6nQx15W
Inventory Item,2002-NA,MIDDLE BUCKET SEAT - DS - NO ARM RESTS WITH HARD SKIRT COLOR: GRAPHITE W/ ALABASTER PIPING W/ GRAPHITE PERF INSERTS,0,"2560 Premier Products, Inc.",2002-quicksilver-mediumAlabaster.jpg,https://3461249.app.netsuite.com/core/media/media.nl?id=883563&c=3461249&h=aBv-8pfwXCcZNjIiXucfZOgTXq2LFpu41z9ViOZbh6nQx15W
Inventory Item,2002-SHP,MIDDLE BUCKET SEAT - DS - DUAL ARM RESTS WITH HARD SKIRT COLOR: QUICKSILVER (AUSTIN MEDIUM GRAPHITE) W/ MEDIUM ALABASTER (ABERDEEN) PIPING W/ QUICKSILVER PERF INSERTS,"1,095.00","2560 Premier Products, Inc.",2002-quicksilver-mediumAlabaster.jpg,https://3461249.app.netsuite.com/core/media/media.nl?id=883563&c=3461249&h=aBv-8pfwXCcZNjIiXucfZOgTXq2LFpu41z9ViOZbh6nQx15W
Inventory Item,2003,MIDDLE BUCKET SEAT - DS - DUAL ARM RESTS WITH HARD SKIRT COLOR: PEWTER (ABERDEEN OPTIM) W/ BLACK (AUSTIN OPTIM) PIPING W/ PEWTER PERF INSERTS,"1,095.00","2560 Premier Products, Inc.",maybach-pewter.jpg,https://3461249.app.netsuite.com/core/media/media.nl?id=866278&c=3461249&h=dleBLuLVaf3vdo13M99DgkwXOoOGrf5i1nQJN-l3wU-WUx9S
Inventory Item,2003-NA,MIDDLE BUCKET SEAT - DS - NO ARM RESTS WITH HARD SKIRT COLOR: PEWTER W/ PEWTER PIPING W/ PEWTER PERF INSERTS,0,"2560 Premier Products, Inc.",maybach-pewter.jpg,https://3461249.app.netsuite.com/core/media/media.nl?id=866278&c=3461249&h=dleBLuLVaf3vdo13M99DgkwXOoOGrf5i1nQJN-l3wU-WUx9S
Inventory Item,2003-SHP,MIDDLE BUCKET SEAT - DS - DUAL ARM RESTS WITH HARD SKIRT PEWTER (ABERDEEN OPTIM) W/ BLACK (AUSTIN OPTIM) PIPING W/ PEWTER PERF INSERTS,"1,095.00","2560 Premier Products, Inc.",maybach-pewter.jpg,https://3461249.app.netsuite.com/core/media/media.nl?id=866278&c=3461249&h=dleBLuLVaf3vdo13M99DgkwXOoOGrf5i1nQJN-l3wU-WUx9S
Inventory Item,2004,MIDDLE BUCKET SEAT - DS - DUAL ARM RESTS WITH HARD SKIRT COLOR: MEDIUM NEUTRAL W/ NEUTRAL PIPING W/ NEUTRAL PERF INSERTS,"1,095.00","2560 Premier Products, Inc.",2004-mediumNeutral-neutral.jpg,https://3461249.app.netsuite.com/core/media/media.nl?id=883565&c=3461249&h=Mc6v5TWH4m9vWOFzTyGTouvvSWN3boOiP2uDe47WKMa6u9xV
Inventory Item,2004-NA,MIDDLE BUCKET SEAT - DS - NO ARM RESTS WITH HARD SKIRT COLOR: MEDIUM NEUTRAL W/ NEUTRAL PIPING W/ NEUTRAL PERF INSERTS,0,"2560 Premier Products, Inc.",2004-mediumNeutral-neutral.jpg,https://3461249.app.netsuite.com/core/media/media.nl?id=883565&c=3461249&h=Mc6v5TWH4m9vWOFzTyGTouvvSWN3boOiP2uDe47WKMa6u9xV
Inventory Item,2004-SHP,MIDDLE BUCKET SEAT - DS - DUAL ARM RESTS WITH HARD SKIRT COLOR: MEDIUM NEUTRAL W/ NEUTRAL PIPING W/ NEUTRAL PERF INSERTS,"1,095.00","2560 Premier Products, Inc.",2004-mediumNeutral-neutral.jpg,https://3461249.app.netsuite.com/core/media/media.nl?id=883565&c=3461249&h=Mc6v5TWH4m9vWOFzTyGTouvvSWN3boOiP2uDe47WKMa6u9xV
Inventory Item,2005,MIDDLE BUCKET SEAT - DS - DUAL ARM RESTS WITH HARD SKIRT COLOR: CREAM (AUSTIN SAND) W/ CHAMOIS (ADERDEEN OPTIM) PIPING W/ CREAM PERF INSERTS,"1,095.00","2560 Premier Products, Inc.",2005-creme-chamois.jpg,https://3461249.app.netsuite.com/core/media/media.nl?id=883562&c=3461249&h=x8Ltr82K6sWK68An8L0rNAEfGjryl7H8JmqDqP1okHKPZmij
Inventory Item,2005-NA,MIDDLE BUCKET SEAT - DS - NO ARM RESTS WITH HARD SKIRT COLOR: SAND W/ CHAMOIS PIPING W/ SAND PERF INSERTS,"1,035.00","2560 Premier Products, Inc.",2005-creme-chamois.jpg,https://3461249.app.netsuite.com/core/media/media.nl?id=883562&c=3461249&h=x8Ltr82K6sWK68An8L0rNAEfGjryl7H8JmqDqP1okHKPZmij
Inventory Item,2005-SHP,MIDDLE BUCKET SEAT - DS - DUAL ARM RESTS WITH HARD SKIRT COLOR: CREAM (AUSTIN SAND) W/ CHAMOIS (ADERDEEN OPTIM) PIPING W/ CREAM PERF INSERTS,"1,095.00","2560 Premier Products, Inc.",2005-creme-chamois.jpg,https://3461249.app.netsuite.com/core/media/media.nl?id=883562&c=3461249&h=x8Ltr82K6sWK68An8L0rNAEfGjryl7H8JmqDqP1okHKPZmij
Inventory Item,2006,MIDDLE BUCKET SEAT - DS - DUAL ARM RESTS WITH HARD SKIRT COLOR: LATTE (ADDISON LASSO) W/CREAM (ABERDEEN BUCKSKIN) PIPING W/LATTE PERF INSERTS,"1,094.96","2560 Premier Products, Inc.",2006-latte-creme.jpg,https://3461249.app.netsuite.com/core/media/media.nl?id=883566&c=3461249&h=aE_UUqNKPYqXZezWv1OeCiqvs-dVx0EgkzccwjB_PSKWKq_U
Inventory Item,2006-NA,MIDDLE BUCKET SEAT - DS - NO ARM RESTS WITH HARD SKIRT COLOR: LASSO W/BUCKSKIN PIPING W/LASSO PERF INSERTS,0,"2560 Premier Products, Inc.",2006-latte-creme.jpg,https://3461249.app.netsuite.com/core/media/media.nl?id=883566&c=3461249&h=aE_UUqNKPYqXZezWv1OeCiqvs-dVx0EgkzccwjB_PSKWKq_U
Inventory Item,2006-SHP,MIDDLE BUCKET SEAT - DS - DUAL ARM RESTS WITH HARD SKIRT COLOR: LATTE (ADDISON LASSO) W/CREAM (ABERDEEN BUCKSKIN) PIPING W/LATTE PERF INSERTS,"1,095.00","2560 Premier Products, Inc.",2006-latte-creme.jpg,https://3461249.app.netsuite.com/core/media/media.nl?id=883566&c=3461249&h=aE_UUqNKPYqXZezWv1OeCiqvs-dVx0EgkzccwjB_PSKWKq_U
Inventory Item,2008,MIDDLE BUCKET SEAT - DS - DUAL ARM RESTS WITH HARD SKIRT COLOR: LATTE (ADDISON LASSO) W/BLACK (AUSTIN OPTIM) PIPING W/LATTE PERF INSERTS,0,"2560 Premier Products, Inc.",maybach-lasso.jpg,https://3461249.app.netsuite.com/core/media/media.nl?id=866281&c=3461249&h=eGF7uoSAb1YymvCxJHm7BDNYFr7W1dVDoXg_iO-5Hm9m_cUN
Inventory Item,2008-SHP,MIDDLE BUCKET SEAT - DS - DUAL ARM RESTS WITH HARD SKIRT COLOR: LATTE (ADDISON LASSO) W/BLACK (AUSTIN OPTIM) PIPING W/LATTE PERF INSERTS,"1,095.00","2560 Premier Products, Inc.",maybach-lasso.jpg,https://3461249.app.netsuite.com/core/media/media.nl?id=866281&c=3461249&h=eGF7uoSAb1YymvCxJHm7BDNYFr7W1dVDoXg_iO-5Hm9m_cUN
Inventory Item,2009,MIDDLE BUCKET SEAT - DS - DUAL ARM RESTS WITH HARD SKIRT COLOR: CREAM (ABERDEEN BUCKSKIN) W/BLACK (AUSTIN OPTIM) PIPING W/LATTE PERF INSERTS,"1,095.00","2560 Premier Products, Inc.",maybach-creme-black.jpg,https://3461249.app.netsuite.com/core/media/media.nl?id=866288&c=3461249&h=qTp9IoWBLTaj_arIxByJ6mu-k2CFrgTc8qA4wuee2l2UxhwS
Inventory Item,2009-SHP,MIDDLE BUCKET SEAT - PS - DUAL ARM RESTS WITH HARD SKIRT COLOR: CREAM (ABERDEEN BUCKSKIN) W/BLACK (AUSTIN OPTIM) PIPING W/LATTE PERF INSERTS,"1,095.00","2560 Premier Products, Inc.",maybach-creme-black.jpg,https://3461249.app.netsuite.com/core/media/media.nl?id=866288&c=3461249&h=qTp9IoWBLTaj_arIxByJ6mu-k2CFrgTc8qA4wuee2l2UxhwS
Inventory Item,2011,MIDDLE BUCKET SEAT - PS - DUAL ARM RESTS WITH HARD SKIRT COLOR: BLACK (AUSTIN OPTIM) W/ PEWTER (ABERDEEN OPTIM) PIPING W/ BLACK PERF INSERTS,"1,095.00","2560 Premier Products, Inc.",2001-black-pewter.jpg,https://3461249.app.netsuite.com/core/media/media.nl?id=883564&c=3461249&h=39RnlgsC-TxyshEs-u_sDv2nQ7XPtsXkFIYYILOZ1GhkuxQF
Inventory Item,2011-NA,MIDDLE BUCKET SEAT - PS - NO ARM RESTS WITH HARD SKIRT COLOR: BLACK SOLID W/ PEWTER PIPING W/ BLACK PERF INSERTS,"1,035.00","2560 Premier Products, Inc.",2001-black-pewter.jpg,https://3461249.app.netsuite.com/core/media/media.nl?id=883564&c=3461249&h=39RnlgsC-TxyshEs-u_sDv2nQ7XPtsXkFIYYILOZ1GhkuxQF
Inventory Item,2011-SHP,MIDDLE BUCKET SEAT - PS - DUAL ARM RESTS WITH HARD SKIRT COLOR: BLACK (AUSTIN OPTIM) W/ PEWTER (ABERDEEN OPTIM) PIPING W/ BLACK PERF INSERTS,"1,095.00","2560 Premier Products, Inc.",2001-black-pewter.jpg,https://3461249.app.netsuite.com/core/media/media.nl?id=883564&c=3461249&h=39RnlgsC-TxyshEs-u_sDv2nQ7XPtsXkFIYYILOZ1GhkuxQF
Inventory Item,2012,MIDDLE BUCKET SEAT - PS - DUAL ARM RESTS WITH HARD SKIRT COLOR: QUICKSILVER (AUSTIN MEDIUM GRAPHITE) W/ MEDIUM ALABASTER (ABERDEEN) PIPING W/ QUICKSILVER PERF INSERTS,"1,095.00","2560 Premier Products, Inc.",2002-quicksilver-mediumAlabaster.jpg,https://3461249.app.netsuite.com/core/media/media.nl?id=883563&c=3461249&h=aBv-8pfwXCcZNjIiXucfZOgTXq2LFpu41z9ViOZbh6nQx15W
Inventory Item,2012-NA,MIDDLE BUCKET SEAT - PS - NO ARM RESTS WITH HARD SKIRT COLOR: GRAPHITE W/ ALABASTER PIPING W/ GRAPHITE PERF INSERTS,0,"2560 Premier Products, Inc.",2002-quicksilver-mediumAlabaster.jpg,https://3461249.app.netsuite.com/core/media/media.nl?id=883563&c=3461249&h=aBv-8pfwXCcZNjIiXucfZOgTXq2LFpu41z9ViOZbh6nQx15W
Inventory Item,2012-SHP,MIDDLE BUCKET SEAT - PS - DUAL ARM RESTS WITH HARD SKIRT COLOR: QUICKSILVER (AUSTIN MEDIUM GRAPHITE) W/ MEDIUM ALABASTER (ABERDEEN) PIPING W/ QUICKSILVER PERF INSERTS,"1,095.00","2560 Premier Products, Inc.",2002-quicksilver-mediumAlabaster.jpg,https://3461249.app.netsuite.com/core/media/media.nl?id=883563&c=3461249&h=aBv-8pfwXCcZNjIiXucfZOgTXq2LFpu41z9ViOZbh6nQx15W
Inventory Item,2013,MIDDLE BUCKET SEAT - PS - DUAL ARM RESTS WITH HARD SKIRT COLOR: PEWTER (ABERDEEN OPTIM) W/ BLACK (AUSTIN OPTIM) PIPING W/ PEWTER PERF INSERTS,"1,095.00","2560 Premier Products, Inc.",,
Inventory Item,2013-NA,MIDDLE BUCKET SEAT - PS - NO ARM RESTS WITH HARD SKIRT COLOR: PEWTER W/ PEWTER PIPING W/ PEWTER PERF INSERTS,0,"2560 Premier Products, Inc.",,
Inventory Item,2013-SHP,MIDDLE BUCKET SEAT - PS - DUAL ARM RESTS WITH HARD SKIRT COLOR: PEWTER (ABERDEEN OPTIM) W/ BLACK (AUSTIN OPTIM) PIPING W/ PEWTER PERF INSERTS,"1,095.00","2560 Premier Products, Inc.",,
Inventory Item,2014,MIDDLE BUCKET SEAT - PS - DUAL ARM RESTS WITH HARD SKIRT COLOR: MEDIUM NEUTRAL W/ NEUTRAL PIPING W/ NEUTRAL PERF INSERTS,"1,095.00","2560 Premier Products, Inc.",2004-mediumNeutral-neutral.jpg,https://3461249.app.netsuite.com/core/media/media.nl?id=883565&c=3461249&h=Mc6v5TWH4m9vWOFzTyGTouvvSWN3boOiP2uDe47WKMa6u9xV
Inventory Item,2014-NA,MIDDLE BUCKET SEAT - PS - NO ARM RESTS WITH HARD SKIRT COLOR: MEDIUM NEUTRAL W/ NEUTRAL PIPING W/ NEUTRAL PERF INSERTS,0,"2560 Premier Products, Inc.",2004-mediumNeutral-neutral.jpg,https://3461249.app.netsuite.com/core/media/media.nl?id=883565&c=3461249&h=Mc6v5TWH4m9vWOFzTyGTouvvSWN3boOiP2uDe47WKMa6u9xV
Inventory Item,2014-SHP,MIDDLE BUCKET SEAT - PS - DUAL ARM RESTS WITH HARD SKIRT COLOR: MEDIUM NEUTRAL W/ NEUTRAL PIPING W/ NEUTRAL PERF INSERTS,"1,095.00","2560 Premier Products, Inc.",2004-mediumNeutral-neutral.jpg,https://3461249.app.netsuite.com/core/media/media.nl?id=883565&c=3461249&h=Mc6v5TWH4m9vWOFzTyGTouvvSWN3boOiP2uDe47WKMa6u9xV
Inventory Item,2015,MIDDLE BUCKET SEAT - PS - DUAL ARM RESTS WITH HARD SKIRT COLOR: CREAM (AUSTIN SAND) W/ CHAMOIS (ADERDEEN OPTIM) PIPING W/ CREAM PERF INSERTS,"1,095.00","2560 Premier Products, Inc.",2005-creme-chamois.jpg,https://3461249.app.netsuite.com/core/media/media.nl?id=883562&c=3461249&h=x8Ltr82K6sWK68An8L0rNAEfGjryl7H8JmqDqP1okHKPZmij
Inventory Item,2015-NA,MIDDLE BUCKET SEAT - PS - NO ARM RESTS WITH HARD SKIRT COLOR: SAND W/ CHAMOIS PIPING W/ SAND PERF INSERTS,"1,035.00","2560 Premier Products, Inc.",2005-creme-chamois.jpg,https://3461249.app.netsuite.com/core/media/media.nl?id=883562&c=3461249&h=x8Ltr82K6sWK68An8L0rNAEfGjryl7H8JmqDqP1okHKPZmij
Inventory Item,2015-SHP,MIDDLE BUCKET SEAT - PS - DUAL ARM RESTS WITH HARD SKIRT COLOR: CREAM (AUSTIN SAND) W/ CHAMOIS (ADERDEEN OPTIM) PIPING W/ CREAM PERF INSERTS,"1,095.00","2560 Premier Products, Inc.",2005-creme-chamois.jpg,https://3461249.app.netsuite.com/core/media/media.nl?id=883562&c=3461249&h=x8Ltr82K6sWK68An8L0rNAEfGjryl7H8JmqDqP1okHKPZmij
Inventory Item,2016,MIDDLE BUCKET SEAT - PS - DUAL ARM RESTS WITH HARD SKIRT COLOR: LATTE (ADDISON LASSO) W/CREAM (ABERDEEN BUCKSKIN) PIPING W/LATTE PERF INSERTS,"1,094.97","2560 Premier Products, Inc.",2006-latte-creme.jpg,https://3461249.app.netsuite.com/core/media/media.nl?id=883566&c=3461249&h=aE_UUqNKPYqXZezWv1OeCiqvs-dVx0EgkzccwjB_PSKWKq_U
Inventory Item,2016-NA,MIDDLE BUCKET SEAT - PS - NO ARM RESTS WITH HARD SKIRT COLOR: LASSO W/BUCKSKIN PIPING W/LASSO PERF INSERTS,0,"2560 Premier Products, Inc.",2006-latte-creme.jpg,https://3461249.app.netsuite.com/core/media/media.nl?id=883566&c=3461249&h=aE_UUqNKPYqXZezWv1OeCiqvs-dVx0EgkzccwjB_PSKWKq_U
Inventory Item,2016-SHP,MIDDLE BUCKET SEAT - PS - DUAL ARM RESTS WITH HARD SKIRT COLOR: LATTE (ADDISON LASSO) W/CREAM (ABERDEEN BUCKSKIN) PIPING W/LATTE PERF INSERTS,"1,095.00","2560 Premier Products, Inc.",2006-latte-creme.jpg,https://3461249.app.netsuite.com/core/media/media.nl?id=883566&c=3461249&h=aE_UUqNKPYqXZezWv1OeCiqvs-dVx0EgkzccwjB_PSKWKq_U
Inventory Item,2018,MIDDLE BUCKET SEAT - PS - DUAL ARM RESTS WITH HARD SKIRT COLOR: LATTE (ADDISON LASSO) W/BLACK (AUSTIN OPTIM) PIPING W/LATTE PERF INSERTS,0,"2560 Premier Products, Inc.",,
Inventory Item,2018-SHP,MIDDLE BUCKET SEAT - PS - DUAL ARM RESTS WITH HARD SKIRT COLOR: LATTE (ADDISON LASSO) W/BLACK (AUSTIN OPTIM) PIPING W/LATTE PERF INSERTS,"1,095.00","2560 Premier Products, Inc.",,
Inventory Item,2019,MIDDLE BUCKET SEAT - PS - DUAL ARM RESTS WITH HARD SKIRT COLOR: CREAM (ABERDEEN BUCKSKIN) W/BLACK (AUSTIN OPTIM) PIPING W/LATTE PERF INSERTS,"1,095.00","2560 Premier Products, Inc.",,
Inventory Item,2019-SHP,MIDDLE BUCKET SEAT - DS - DUAL ARM RESTS WITH HARD SKIRT COLOR: CREAM (ABERDEEN BUCKSKIN) W/BLACK (AUSTIN OPTIM) PIPING W/LATTE PERF INSERTS,"1,095.00","2560 Premier Products, Inc.",,
Inventory Item,2020,MIDDLE BUCKET SEAT - DS - DUAL ARM RESTS WITH HARD SKIRT COLOR: ROANOKE MEDIUM GRAPHITE / MED GRAPHITE STICHING/PIPING,"1,095.00","2560 Premier Products, Inc.",,
Inventory Item,2021,MIDDLE BUCKET SEAT - PS - DUAL ARM RESTS WITH HARD SKIRT COLOR: ROANOKE MEDIUM GRAPHITE / MED GRAPHITE STICHING/PIPING,"1,095.00","2560 Premier Products, Inc.",,
Inventory Item,3001,"POWER SOFA- DUAL RECLINE AND SLIDE 56"" WIDE 3 HEADRESTS COLOR: BLACK (AUSTIN OPTIM) W/ PEWTER (ABERDEEN OPTIM) PIPING W/ BLACK PERF INSERTS","1,365.00","2560 Premier Products, Inc.",,
Inventory Item,3002,"POWER SOFA- DUAL RECLINE AND SLIDE 56"" WIDE 3 HEADRESTS COLOR: QUICKSILVER (AUSTIN MEDIUM GRAPHITE) W/ MEDIUM ALABASTER (ABERDEEN) PIPING W/ QUICKSILVER PERF INSERTS","1,365.00","2560 Premier Products, Inc.",,
Inventory Item,3003,"POWER SOFA- DUAL RECLINE AND SLIDE 56"" WIDE 3 HEADRESTS COLOR: PEWTER (ABERDEEN OPTIM) W/ BLACK (AUSTIN OPTIM) PIPING W/ PEWTER PERF INSERTS","1,365.00","2560 Premier Products, Inc.",,
Inventory Item,3004,"POWER SOFA- DUAL RECLINE AND SLIDE 56"" WIDE 3 HEADRESTS COLOR: MEDIUM NEUTRAL W/ NEUTRAL PIPING W/ NEUTRAL PERF INSERTS","1,365.00","2560 Premier Products, Inc.",,
Inventory Item,3005,"POWER SOFA- DUAL RECLINE AND SLIDE 56"" WIDE 3 HEADRESTS COLOR: CREAM (AUSTIN SAND) W/ CHAMOIS (ADERDEEN OPTIM) PIPING W/ CREAM PERF INSERTS","1,365.00","2560 Premier Products, Inc.",,
Inventory Item,3006,"POWER SOFA- DUAL RECLINE AND SLIDE 56"" WIDE 3 HEADRESTS COLOR: LATTE (ADDISON LASSO) W/CREAM (ABERDEEN BUCKSKIN) PIPING W/LATTE PERF INSERTS","1,365.00","2560 Premier Products, Inc.",,
Inventory Item,3008,"POWER SOFA- DUAL RECLINE AND SLIDE 56"" WIDE 3 HEADRESTS COLOR: LATTE (ADDISON LASSO) W/BLACK (AUSTIN OPTIM) PIPING W/LATTE PERF INSERTS",0,"2560 Premier Products, Inc.",,
Inventory Item,4001,"MANUAL SOFA - 56"" WIDE 3 HEADRESTS COLOR: BLACK (AUSTIN OPTIM) W/ PEWTER (ABERDEEN OPTIM) PIPING W/ BLACK PERF INSERTS","1,198.00","2560 Premier Products, Inc.",,
Inventory Item,4002,"MANUAL SOFA - 56"" WIDE 3 HEADRESTS COLOR: QUICKSILVER (AUSTIN MEDIUM GRAPHITE) W/ MEDIUM ALABASTER (ABERDEEN) PIPING W/ QUICKSILVER PERF INSERTS","1,198.00","2560 Premier Products, Inc.",,
Inventory Item,4003,"MANUAL SOFA - 56"" WIDE 3 HEADRESTS COLOR: PEWTER (ABERDEEN OPTIM) W/ BLACK (AUSTIN OPTIM) PIPING W/ PEWTER PERF INSERTS","1,208.05","2560 Premier Products, Inc.",,
Inventory Item,4004,"MANUAL SOFA - 56"" WIDE 3 HEADRESTS COLOR: MEDIUM NEUTRAL W/ NEUTRAL PIPING W/ NEUTRAL PERF INSERTS","1,198.00","2560 Premier Products, Inc.",,
Inventory Item,4005,"MANUAL SOFA - 56"" WIDE 3 HEADRESTS COLOR: CREAM (AUSTIN SAND) W/ CHAMOIS (ADERDEEN OPTIM) PIPING W/ CREAM PERF INSERTS","1,365.00","2560 Premier Products, Inc.",,
Inventory Item,4006,"MANUAL SOFA - 56"" WIDE 3 HEADRESTS COLOR: LATTE (ADDISON LASSO) W/CREAM (ABERDEEN BUCKSKIN) PIPING W/LATTE PERF INSERTS","1,175.78","2560 Premier Products, Inc.",,
Inventory Item,4008,"MANUAL SOFA - 56"" WIDE 3 HEADRESTS COLOR: LATTE (ADDISON LASSO) W/BLACK (AUSTIN OPTIM) PIPING W/LATTE PERF INSERTS",0,"2560 Premier Products, Inc.",,
Inventory Item,4010,"MANUAL SOFA - 56"" WIDE 3 HEADRESTS COLOR, ADD A BACK: ROANOKE MEDIUM GRAPHITE / MED GRAPHITE STICHING/PIPING","1,198.00","2560 Premier Products, Inc.",,
Inventory Item,5001,POWER MIDDLE BUCKET SEAT - DS - DUAL ARM RESTS WITH HARD SKIRT COLOR: BLACK (AUSTIN OPTIM) W/ PEWTER (ABERDEEN OPTIM) PIPING W/ BLACK PERF INSERTS,"2,595.00","2560 Premier Products, Inc.",,
Inventory Item,5002,POWER MIDDLE BUCKET SEAT - DS - DUAL ARM RESTS WITH HARD SKIRT COLOR: QUICKSILVER (AUSTIN MEDIUM GRAPHITE) W/ MEDIUM ALABASTER (ABERDEEN) PIPING W/ QUICKSILVER PERF INSERTS,0,"2560 Premier Products, Inc.",,
Inventory Item,5003,POWER MIDDLE BUCKET SEAT - DS - DUAL ARM RESTS WITH HARD SKIRT COLOR: PEWTER (ABERDEEN OPTIM) W/ BLACK (AUSTIN OPTIM) PIPING W/ PEWTER PERF INSERTS,0,"2560 Premier Products, Inc.",,
Inventory Item,5004,POWER MIDDLE BUCKET SEAT - DS - DUAL ARM RESTS WITH HARD SKIRT COLOR: MEDIUM NEUTRAL W/ NEUTRAL PIPING W/ NEUTRAL PERF INSERTS,0,"2560 Premier Products, Inc.",,
Inventory Item,5005,POWER MIDDLE BUCKET SEAT - DS - DUAL ARM RESTS WITH HARD SKIRT COLOR: CREAM (AUSTIN SAND) W/ CHAMOIS (ADERDEEN OPTIM) PIPING W/ CREAM PERF INSERTS,0,"2560 Premier Products, Inc.",,
Inventory Item,5006,POWER MIDDLE BUCKET SEAT - DS - DUAL ARM RESTS WITH HARD SKIRT COLOR: LATTE (ADDISON LASSO) W/CREAM (ABERDEEN BUCKSKIN) PIPING W/LATTE PERF INSERTS,0,"2560 Premier Products, Inc.",,
Inventory Item,5008,POWER MIDDLE BUCKET SEAT - DS - DUAL ARM RESTS WITH HARD SKIRT COLOR: LATTE (ADDISON LASSO) W/BLACK (AUSTIN OPTIM) PIPING W/LATTE PERF INSERTS,0,"2560 Premier Products, Inc.",,
Inventory Item,5011,POWER MIDDLE BUCKET SEAT - PS - DUAL ARM RESTS WITH HARD SKIRT COLOR: BLACK (AUSTIN OPTIM) W/ PEWTER (ABERDEEN OPTIM) PIPING W/ BLACK PERF INSERTS,"2,511.67","2560 Premier Products, Inc.",,
Inventory Item,5012,POWER MIDDLE BUCKET SEAT - PS - DUAL ARM RESTS WITH HARD SKIRT COLOR: QUICKSILVER (AUSTIN MEDIUM GRAPHITE) W/ MEDIUM ALABASTER (ABERDEEN) PIPING W/ QUICKSILVER PERF INSERTS,0,"2560 Premier Products, Inc.",,
Inventory Item,5013,POWER MIDDLE BUCKET SEAT - PS - DUAL ARM RESTS WITH HARD SKIRT COLOR: PEWTER (ABERDEEN OPTIM) W/ BLACK (AUSTIN OPTIM) PIPING W/ PEWTER PERF INSERTS,0,"2560 Premier Products, Inc.",,
Inventory Item,5014,POWER MIDDLE BUCKET SEAT - PS - DUAL ARM RESTS WITH HARD SKIRT COLOR: MEDIUM NEUTRAL W/ NEUTRAL PIPING W/ NEUTRAL PERF INSERTS,0,"2560 Premier Products, Inc.",,
Inventory Item,5015,POWER MIDDLE BUCKET SEAT - PS - DUAL ARM RESTS WITH HARD SKIRT COLOR: CREAM (AUSTIN SAND) W/ CHAMOIS (ADERDEEN OPTIM) PIPING W/ CREAM PERF INSERTS,0,"2560 Premier Products, Inc.",,
Inventory Item,5016,POWER MIDDLE BUCKET SEAT - PS - DUAL ARM RESTS WITH HARD SKIRT COLOR: LATTE (ADDISON LASSO) W/CREAM (ABERDEEN BUCKSKIN) PIPING W/LATTE PERF INSERTS,0,"2560 Premier Products, Inc.",,
Inventory Item,5018,POWER MIDDLE BUCKET SEAT - PS - DUAL ARM RESTS WITH HARD SKIRT COLOR: LATTE (ADDISON LASSO) W/BLACK (AUSTIN OPTIM) PIPING W/LATTE PERF INSERTS,0,"2560 Premier Products, Inc.",,
Kit,WSK-TRAPS-HARDWARE,Waldoch Transit Powered Sofa Installation Hardware Kit,,,,
Kit,WSK-TRAMS-HARDWARE,Waldoch Transit Manual Sofa Installation Hardware Kit,,,,
Kit,WSK-TRARB-HARDWARE,Waldoch Transit Rear Buckets Seat Installation Hardware Kit,,,,
Kit,WSK-TRAFB-HARDWARE,Waldoch Transit Front Buckets Seat Installation Hardware Kit,,,,
Kit,WSK-PROPS-HARDWARE,Waldoch Promaster Powered Sofa Installation Hardware Kit,,,,
Kit,WSK-PROMS-HARDWARE,Waldoch Promaster Manual Sofa Installation Hardware Kit,,,,
Kit,WSK-PRORB-HARDWARE,Waldoch Promaster Rear Buckets Seat Installation Hardware Kit,,,,
Kit,WSK-PROFB-HARDWARE,Waldoch Promaster Front Buckets Seat Installation Hardware Kit,,,,
Option,MAYBACH-3PARTSOFABELTS,ADD 3 PART SOFA SEAT BELT TO MAYBACH SOFA,,,,
Option,MAYBACH-MASSAGE,ADD POWER MASSAGE TO MAYBACH SEAT,,,,
Option,MAYBACH-6WAYPOWER,ADD 6 WAY POWER SEAT ADJUSTMENT TO MAYBACH SEAT,,,,
Option,MAYBACH-LUMBAR,ADD POWER LUMBAR TO MAYBACH SEAT,,,,
Option,MAYBACH-FOOTREST,ADD POWER FOOTREST TO MAYBACH SEAT,,,,
Option,MAYBACH-ALLSEASONCOMFORT,ADD HEAT AND A/C TO MAYBACH SEAT ALL SEASON COMFORT,,,,
Option,MAYBACH-LEATHERPOCKET,ADD LEATHER POCKET TO MAYBACH SEAT SAME COLOR AS SEAT,,,,
Option,MAYBACH-MESHPOCKET,ADD MESH POCKET TO MAYBACH SEAT,,,,
Option,MAYBACH-RECLINE,ADD POWER RECLINE TO MAYBACH SEAT,,,,
