Name,Display Name
2001-SHP,WALDOCH STORE - MIDDLE BUCKET SEAT - DS - DUAL ARM RESTS WITH HARD SKIRT COLOR: BLACK (AUSTIN OPTIM) W/ PEWTER (ABERDEEN OPTIM) PIPING W/ BLACK PERF INSERTS
2011-SHP,WALDOCH STORE - MIDDLE BUCKET SEAT - PS - DUAL ARM RESTS WITH HARD SKIRT COLOR: BLACK (AUSTIN OPTIM) W/ PEWTER (ABERDEEN OPTIM) PIPING W/ BLACK PERF INSERTS
2002-SHP,WALDOCH STORE - MIDDLE BUCKET SEAT - DS - DUAL ARM RESTS WITH HARD SKIRT COLOR: QUICKSILVER (AUSTIN MEDIUM GRAPHITE) W/ MEDIUM ALABASTER (ABERDEEN) PIPING W/ QUICKSILVER PERF INSERTS
2012-SHP,WALDOCH STORE - MIDDLE BUCKET SEAT - PS - DUAL ARM RESTS WITH HARD SKIRT COLOR: QUICKSILVER (AUSTIN MEDIUM GRAPHITE) W/ MEDIUM ALABASTER (ABERDEEN) PIPING W/ QUICKSILVER PERF INSERTS
2003-SHP,WALDOCH STORE - MIDDLE BUCKET SEAT - DS - DUAL ARM RESTS WITH HARD SKIRT COLOR: PEWTER (ABERDEEN OPTIM) W/ BLACK (AUSTIN OPTIM) PIPING W/ PEWTER PERF INSERTS
2013-SHP,WALDOCH STORE - MIDDLE BUCKET SEAT - PS - DUAL ARM RESTS WITH HARD SKIRT COLOR: PEWTER (ABERDEEN OPTIM) W/ BLACK (AUSTIN OPTIM) PIPING W/ PEWTER PERF INSERTS
2004-SHP,WALDOCH STORE - MIDDLE BUCKET SEAT - DS - DUAL ARM RESTS WITH HARD SKIRT COLOR: MEDIUM NEUTRAL W/ NEUTRAL PIPING W/ NEUTRAL PERF INSERTS
2014-SHP,WALDOCH STORE - MIDDLE BUCKET SEAT - PS - DUAL ARM RESTS WITH HARD SKIRT COLOR: MEDIUM NEUTRAL W/ NEUTRAL PIPING W/ NEUTRAL PERF INSERTS
2005-SHP,WALDOCH STORE - MIDDLE BUCKET SEAT - DS - DUAL ARM RESTS WITH HARD SKIRT COLOR: CREAM (AUSTIN SAND) W/ CHAMOIS (ADERDEEN OPTIM) PIPING W/ CREAM PERF INSERTS
2015-SHP,WALDOCH STORE - MIDDLE BUCKET SEAT - PS - DUAL ARM RESTS WITH HARD SKIRT COLOR: CREAM (AUSTIN SAND) W/ CHAMOIS (ADERDEEN OPTIM) PIPING W/ CREAM PERF INSERTS
2006-SHP,WALDOCH STORE - MIDDLE BUCKET SEAT - DS - DUAL ARM RESTS WITH HARD SKIRT COLOR: LATTE (ADDISON LASSO) W/CREAM (ABERDEEN BUCKSKIN) PIPING W/LATTE PERF INSERTS
2016-SHP,WALDOCH STORE - MIDDLE BUCKET SEAT - PS - DUAL ARM RESTS WITH HARD SKIRT COLOR: LATTE (ADDISON LASSO) W/CREAM (ABERDEEN BUCKSKIN) PIPING W/LATTE PERF INSERTS
2008-SHP,WALDOCH STORE - MIDDLE BUCKET SEAT - DS - DUAL ARM RESTS WITH HARD SKIRT COLOR: LATTE (ADDISON LASSO) W/BLACK (AUSTIN OPTIM) PIPING W/LATTE PERF INSERTS
2018-SHP,WALDOCH STORE - MIDDLE BUCKET SEAT - PS - DUAL ARM RESTS WITH HARD SKIRT COLOR: LATTE (ADDISON LASSO) W/BLACK (AUSTIN OPTIM) PIPING W/LATTE PERF INSERTS
2009-SHP,WALDOCH STORE - MIDDLE BUCKET SEAT - DS - DUAL ARM RESTS WITH HARD SKIRT COLOR: CREAM (ABERDEEN BUCKSKIN) W/BLACK (AUSTIN OPTIM) PIPING W/LATTE PERF INSERTS
2019-SHP,WALDOCH STORE - MIDDLE BUCKET SEAT - PS - DUAL ARM RESTS WITH HARD SKIRT COLOR: CREAM (ABERDEEN BUCKSKIN) W/BLACK (AUSTIN OPTIM) PIPING W/LATTE PERF INSERTS
